ParkName,ParkCode,LocationID,LocationNumber,LocationType,LocationDescription,tbl_Locations_StreamName,TributaryName,County,StretchNumber,ReachID,PeriodID,Season,StartDate,EndDate,EventID,GaugeSiteNo,tlu_GaugeStations_StreamName,GaugeLocation,Discharge_cms,Units
Buffalo National River,BUFF,BUFFRMINVEBM01,01,Mainstem,,Buffalo River,,Newton,24,BUFFM01,BUFFRMINVE2011Dec01,2011,12/1/2011 0:00:00,1/18/2012 0:00:00,BUFFRMINVE2012Jan05,7055646,Buffalo River,Buffalo River near Boxley, AR,1.16,meters
Buffalo National River,BUFF,BUFFRMINVEBM01,01,Mainstem,,Buffalo River,,Newton,24,BUFFM01,BUFFRMINVE2015Nov23,2015,11/23/2015 0:00:00,12/18/2015 0:00:00,BUFFRMINVE2015Dec17,7055646,Buffalo River,Buffalo River near Boxley, AR,1.35,meters
Buffalo National River,BUFF,BUFFRMINVEBM01,01,Mainstem,,Buffalo River,,Newton,24,BUFFM01,BUFFRMINVE2019Nov04,2019,11/4/2019 0:00:00,11/21/2019 0:00:00,BUFFRMINVE2019Nov18,7055646,Buffalo River,Buffalo River near Boxley, AR,2.37,meters
Buffalo National River,BUFF,BUFFRMINVEBM01,01,Mainstem,,Buffalo River,,Newton,24,BUFFM01,BUFFRMINVE2021Nov01,2021,11/1/2021 0:00:00,11/10/2021 0:00:00,BUFFRMINVE2021Nov10,7055646,Buffalo River,Buffalo River near Boxley, AR,0.46,meters
Buffalo National River,BUFF,BUFFRMINVEBM02,02,Mainstem,,Buffalo River,,Newton,55,BUFFM02,BUFFRMINVE2011Dec01,2011,12/1/2011 0:00:00,1/18/2012 0:00:00,BUFFRMINVE2012Jan06,7055680,Buffalo River,Buffalo River at Pruitt, AR,1.86,meters
Buffalo National River,BUFF,BUFFRMINVEBM02,02,Mainstem,,Buffalo River,,Newton,55,BUFFM02,BUFFRMINVE2015Nov23,2015,11/23/2015 0:00:00,12/18/2015 0:00:00,BUFFRMINVE2015Dec18,7055680,Buffalo River,Buffalo River at Pruitt, AR,11.92,meters
Buffalo National River,BUFF,BUFFRMINVEBM02,02,Mainstem,,Buffalo River,,Newton,55,BUFFM02,BUFFRMINVE2017Nov15,2017,11/15/2017 0:00:00,12/8/2017 0:00:00,BUFFRMINVE2017Nov29,7055680,Buffalo River,Buffalo River at Pruitt, AR,0.24,meters
Buffalo National River,BUFF,BUFFRMINVEBM02,02,Mainstem,,Buffalo River,,Newton,55,BUFFM02,BUFFRMINVE2019Nov04,2019,11/4/2019 0:00:00,11/21/2019 0:00:00,BUFFRMINVE2019Nov20,7055680,Buffalo River,Buffalo River at Pruitt, AR,6.54,meters
Buffalo National River,BUFF,BUFFRMINVEBM02,02,Mainstem,,Buffalo River,,Newton,55,BUFFM02,BUFFRMINVE2021Nov01,2021,11/1/2021 0:00:00,11/10/2021 0:00:00,BUFFRMINVE2021Nov09,7055680,Buffalo River,Buffalo River at Pruitt, AR,0.85,meters
Buffalo National River,BUFF,BUFFRMINVEBM03,03,Mainstem,,Buffalo River,,Newton,59,BUFFM03,BUFFRMINVE2011Dec01,2011,12/1/2011 0:00:00,1/18/2012 0:00:00,BUFFRMINVE2012Jan09,7055680,Buffalo River,Buffalo River at Pruitt, AR,1.44,meters
Buffalo National River,BUFF,BUFFRMINVEBM03,03,Mainstem,,Buffalo River,,Newton,59,BUFFM03,BUFFRMINVE2013Nov21,2013,11/21/2013 0:00:00,2/19/2014 0:00:00,BUFFRMINVE2014Feb19,7055680,Buffalo River,Buffalo River at Pruitt, AR,3.28,meters
Buffalo National River,BUFF,BUFFRMINVEBM03,03,Mainstem,,Buffalo River,,Newton,59,BUFFM03,BUFFRMINVE2015Nov23,2015,11/23/2015 0:00:00,12/18/2015 0:00:00,BUFFRMINVE2015Dec18,7055680,Buffalo River,Buffalo River at Pruitt, AR,11.92,meters
Buffalo National River,BUFF,BUFFRMINVEBM03,03,Mainstem,,Buffalo River,,Newton,59,BUFFM03,BUFFRMINVE2017Nov15,2017,11/15/2017 0:00:00,12/8/2017 0:00:00,BUFFRMINVE2017Dec01,7055680,Buffalo River,Buffalo River at Pruitt, AR,0.24,meters
Buffalo National River,BUFF,BUFFRMINVEBM03,03,Mainstem,,Buffalo River,,Newton,59,BUFFM03,BUFFRMINVE2019Nov04,2019,11/4/2019 0:00:00,11/21/2019 0:00:00,BUFFRMINVE2019Nov20,7055680,Buffalo River,Buffalo River at Pruitt, AR,6.54,meters
Buffalo National River,BUFF,BUFFRMINVEBM03,03,Mainstem,,Buffalo River,,Newton,59,BUFFM03,BUFFRMINVE2021Nov01,2021,11/1/2021 0:00:00,11/10/2021 0:00:00,BUFFRMINVE2021Nov08,7055680,Buffalo River,Buffalo River at Pruitt, AR,0.94,meters
Buffalo National River,BUFF,BUFFRMINVEBT13,13,Tributary,,Buffalo River,Big Creek (U),Newton,244,BUFFT13,BUFFRMINVE2015Nov23,2015,11/23/2015 0:00:00,12/18/2015 0:00:00,BUFFRMINVE2015Nov23,7055790,Big Creek,Big Creek near Mt. Judea, AR,0.17,meters
Buffalo National River,BUFF,BUFFRMINVEBM04,04,Mainstem,,Buffalo River,,Searcy,69,BUFFM04,BUFFRMINVE2011Dec01,2011,12/1/2011 0:00:00,1/18/2012 0:00:00,BUFFRMINVE2012Jan04,7056000,Buffalo River,Buffalo River near St. Joe, AR,25.71,meters
Buffalo National River,BUFF,BUFFRMINVEBM04,04,Mainstem,,Buffalo River,,Searcy,69,BUFFM04,BUFFRMINVE2013Nov21,2013,11/21/2013 0:00:00,2/19/2014 0:00:00,BUFFRMINVE2013Dec04,7056000,Buffalo River,Buffalo River near St. Joe, AR,4.44,meters
Buffalo National River,BUFF,BUFFRMINVEBM04,04,Mainstem,,Buffalo River,,Searcy,69,BUFFM04,BUFFRMINVE2015Nov23,2015,11/23/2015 0:00:00,12/18/2015 0:00:00,BUFFRMINVE2015Nov24,7056000,Buffalo River,Buffalo River near St. Joe, AR,10.22,meters
Buffalo National River,BUFF,BUFFRMINVEBM04,04,Mainstem,,Buffalo River,,Searcy,69,BUFFM04,BUFFRMINVE2017Nov15,2017,11/15/2017 0:00:00,12/8/2017 0:00:00,BUFFRMINVE2017Nov16,7056000,Buffalo River,Buffalo River near St. Joe, AR,1.41,meters
Buffalo National River,BUFF,BUFFRMINVEBM04,04,Mainstem,,Buffalo River,,Searcy,69,BUFFM04,BUFFRMINVE2019Nov04,2019,11/4/2019 0:00:00,11/21/2019 0:00:00,BUFFRMINVE2019Nov18,7056000,Buffalo River,Buffalo River near St. Joe, AR,30.29,meters
Buffalo National River,BUFF,BUFFRMINVEBM04,04,Mainstem,,Buffalo River,,Searcy,69,BUFFM04,BUFFRMINVE2021Nov01,2021,11/1/2021 0:00:00,11/10/2021 0:00:00,BUFFRMINVE2021Nov03,7056000,Buffalo River,Buffalo River near St. Joe, AR,5.77,meters
Buffalo National River,BUFF,BUFFRMINVEBM05,05,Mainstem,,Buffalo River,,Searcy,73,BUFFM05,BUFFRMINVE2007JAN04,2006,1/4/2007 0:00:00,2/22/2007 0:00:00,BUFFRMINVE2007FEB22,7056000,Buffalo River,Buffalo River near St. Joe, AR,32.28,meters
Buffalo National River,BUFF,BUFFRMINVEBM05,05,Mainstem,,Buffalo River,,Searcy,73,BUFFM05,BUFFRMINVE2011Dec01,2011,12/1/2011 0:00:00,1/18/2012 0:00:00,BUFFRMINVE2012Jan10,7056000,Buffalo River,Buffalo River near St. Joe, AR,51.82,meters
Buffalo National River,BUFF,BUFFRMINVEBM05,05,Mainstem,,Buffalo River,,Searcy,73,BUFFM05,BUFFRMINVE2015Nov23,2015,11/23/2015 0:00:00,12/18/2015 0:00:00,BUFFRMINVE2015Dec17,7056000,Buffalo River,Buffalo River near St. Joe, AR,10.22,meters
Buffalo National River,BUFF,BUFFRMINVEBM05,05,Mainstem,,Buffalo River,,Searcy,73,BUFFM05,BUFFRMINVE2017Nov15,2017,11/15/2017 0:00:00,12/8/2017 0:00:00,BUFFRMINVE2017Nov30,7056000,Buffalo River,Buffalo River near St. Joe, AR,1.49,meters
Buffalo National River,BUFF,BUFFRMINVEBM05,05,Mainstem,,Buffalo River,,Searcy,73,BUFFM05,BUFFRMINVE2019Nov04,2019,11/4/2019 0:00:00,11/21/2019 0:00:00,BUFFRMINVE2019Nov21,7056000,Buffalo River,Buffalo River near St. Joe, AR,30.29,meters
Buffalo National River,BUFF,BUFFRMINVEBM05,05,Mainstem,,Buffalo River,,Searcy,73,BUFFM05,BUFFRMINVE2021Nov01,2021,11/1/2021 0:00:00,11/10/2021 0:00:00,BUFFRMINVE2021Nov02,7056000,Buffalo River,Buffalo River near St. Joe, AR,6.28,meters
Buffalo National River,BUFF,BUFFRMINVEBT20,20,Tributary,,Buffalo River,Bear Creek,Searcy,472,BUFFT20,BUFFRMINVE2011Dec01,2011,12/1/2011 0:00:00,1/18/2012 0:00:00,BUFFRMINVE2012Jan05,7056515,Bear Creek,Bear Creek near Silver Hill, AR,0.05,meters
Buffalo National River,BUFF,BUFFRMINVEBT20,20,Tributary,,Buffalo River,Bear Creek,Searcy,472,BUFFT20,BUFFRMINVE2013Nov21,2013,11/21/2013 0:00:00,2/19/2014 0:00:00,BUFFRMINVE2013Dec04,7056515,Bear Creek,Bear Creek near Silver Hill, AR,0.16,meters
Buffalo National River,BUFF,BUFFRMINVEBT20,20,Tributary,,Buffalo River,Bear Creek,Searcy,472,BUFFT20,BUFFRMINVE2015Nov23,2015,11/23/2015 0:00:00,12/18/2015 0:00:00,BUFFRMINVE2015Nov24,7056515,Bear Creek,Bear Creek near Silver Hill, AR,0.12,meters
Buffalo National River,BUFF,BUFFRMINVEBT20,20,Tributary,,Buffalo River,Bear Creek,Searcy,472,BUFFT20,BUFFRMINVE2017Nov15,2017,11/15/2017 0:00:00,12/8/2017 0:00:00,BUFFRMINVE2017Nov16,7056515,Bear Creek,Bear Creek near Silver Hill, AR,0.29,meters
Buffalo National River,BUFF,BUFFRMINVEBT20,20,Tributary,,Buffalo River,Bear Creek,Searcy,472,BUFFT20,BUFFRMINVE2019Nov04,2019,11/4/2019 0:00:00,11/21/2019 0:00:00,BUFFRMINVE2019Nov05,7056515,Bear Creek,Bear Creek near Silver Hill, AR,0.64,meters
Buffalo National River,BUFF,BUFFRMINVEBT20,20,Tributary,,Buffalo River,Bear Creek,Searcy,472,BUFFT20,BUFFRMINVE2021Nov01,2021,11/1/2021 0:00:00,11/10/2021 0:00:00,BUFFRMINVE2021Nov03,7056515,Bear Creek,Bear Creek near Silver Hill, AR,0.30,meters
Buffalo National River,BUFF,BUFFRMINVEBM06,06,Mainstem,,Buffalo River,,Marion,87,BUFFM06,BUFFRMINVE2011Dec01,2011,12/1/2011 0:00:00,1/18/2012 0:00:00,BUFFRMINVE2012Jan18,7056700,Buffalo River,Buffalo River near Harriet, AR,24.49,meters
Buffalo National River,BUFF,BUFFRMINVEBM06,06,Mainstem,,Buffalo River,,Marion,87,BUFFM06,BUFFRMINVE2015Nov23,2015,11/23/2015 0:00:00,12/18/2015 0:00:00,BUFFRMINVE2015Dec09,7056700,Buffalo River,Buffalo River near Harriet, AR,14.26,meters
Buffalo National River,BUFF,BUFFRMINVEBM06,06,Mainstem,,Buffalo River,,Marion,87,BUFFM06,BUFFRMINVE2017Nov15,2017,11/15/2017 0:00:00,12/8/2017 0:00:00,BUFFRMINVE2017Dec08,7056700,Buffalo River,Buffalo River near Harriet, AR,2.01,meters
Buffalo National River,BUFF,BUFFRMINVEBM06,06,Mainstem,,Buffalo River,,Marion,87,BUFFM06,BUFFRMINVE2019Nov04,2019,11/4/2019 0:00:00,11/21/2019 0:00:00,BUFFRMINVE2019Nov19,7056700,Buffalo River,Buffalo River near Harriet, AR,30.58,meters
Buffalo National River,BUFF,BUFFRMINVEBM06,06,Mainstem,,Buffalo River,,Marion,87,BUFFM06,BUFFRMINVE2021Nov01,2021,11/1/2021 0:00:00,11/10/2021 0:00:00,BUFFRMINVE2021Nov01,7056700,Buffalo River,Buffalo River near Harriet, AR,8.29,meters
Buffalo National River,BUFF,BUFFRMINVEBM03,03,Mainstem,,Buffalo River,,Newton,59,BUFFM03,BUFFRMINVE2015Nov23,2015,11/23/2015 0:00:00,12/18/2015 0:00:00,BUFFRMINVE2015Dec18,14111470,Buffalo River,Buffalo River at Pruitt + Big Creek near Mt. Judea AR,12.09,meters
Herbert Hoover NHS,HEHO,HEHOAqubug01,01,Tributary,,Hoover Creek,,Cedar,,HEHOLOW01,HEHOAqubug2008Jul07,2008,7/7/2008 0:00:00,7/7/2008 0:00:00,HEHOAqubug2008Jul07,5464942,Hoover Creek ,Hoover Nat Hist Site, West Branch, IA,0.07,meters
Herbert Hoover NHS,HEHO,HEHOAqubug01,01,Tributary,,Hoover Creek,,Cedar,,HEHOLOW01,HEHOAqubug2011Jul11,2011,7/11/2011 0:00:00,7/11/2011 0:00:00,HEHOAqubug2011Jul11,5464942,Hoover Creek ,Hoover Nat Hist Site, West Branch, IA,0.08,meters
Herbert Hoover NHS,HEHO,HEHOAqubug01,01,Tributary,,Hoover Creek,,Cedar,,HEHOLOW01,HEHOAqubug2014Aug01,2014,8/1/2014 0:00:00,8/1/2014 0:00:00,HEHOAquBug2014Aug01,5464942,Hoover Creek ,Hoover Nat Hist Site, West Branch, IA,0.01,meters
Ozark National Scenic Riverways - RIVERS,OZAR,OZARRMINVECM01,01,Mainstem,,Current River,,Shannon,14,CURRM01,OZARRMINVE2012Nov13,2012,11/13/2012 0:00:00,12/5/2012 0:00:00,OZARRMINVE2012Nov13,7064440,Current River,Current River at Montauk State Park, MO ,2.29,meters
Ozark National Scenic Riverways - RIVERS,OZAR,OZARRMINVECM01,01,Mainstem,,Current River,,Shannon,14,CURRM01,OZARRMINVE2014Nov05,2014,11/5/2014 0:00:00,11/19/2014 0:00:00,OZARRMINVE2014Nov13,7064440,Current River,Current River at Montauk State Park, MO ,1.40,meters
Ozark National Scenic Riverways - RIVERS,OZAR,OZARRMINVECM01,01,Mainstem,,Current River,,Shannon,14,CURRM01,OZARRMINVE2016Nov01,2016,11/1/2016 0:00:00,11/10/2016 0:00:00,OZARRMINVE2016Nov09,7064440,Current River,Current River at Montauk State Park, MO ,2.38,meters
Ozark National Scenic Riverways - RIVERS,OZAR,OZARRMINVECM01,01,Mainstem,,Current River,,Shannon,14,CURRM01,OZARRMINVE2018Nov07,2018,11/7/2018 0:00:00,11/20/2018 0:00:00,OZARRMINVE2018Nov13,7064440,Current River,Current River at Montauk State Park, MO ,3.23,meters
Ozark National Scenic Riverways - RIVERS,OZAR,OZARRMINVECM01,01,Mainstem,,Current River,,Shannon,14,CURRM01,OZARRMINVE2020Nov17,2020,11/17/2020 0:00:00,1/14/2021 0:00:00,OZARRMINVE2020Nov17,7064440,Current River,Current River at Montauk State Park, MO ,3.37,meters
Ozark National Scenic Riverways - RIVERS,OZAR,OZARRMINVECM01,01,Mainstem,,Current River,,Shannon,14,CURRM01,OZARRMINVE2022Oct25,2022,10/25/2022 0:00:00,11/4/2022 0:00:00,OZARRMINVE2022Oct27,7064440,Current River,Current River at Montauk State Park, MO ,2.83,meters
Ozark National Scenic Riverways - RIVERS,OZAR,OZARRMINVECM02,02,Mainstem,,Current River,,Shannon,35,CURRM02,OZARRMINVE2009Nov06,2009,11/6/2009 0:00:00,12/3/2009 0:00:00,OZARRMINVE2009Dec02,7064533,Current River,Current River above Akers, MO ,20.00,meters
Ozark National Scenic Riverways - RIVERS,OZAR,OZARRMINVECM02,02,Mainstem,,Current River,,Shannon,35,CURRM02,OZARRMINVE2012Nov13,2012,11/13/2012 0:00:00,12/5/2012 0:00:00,OZARRMINVE2012Nov28,7064533,Current River,Current River above Akers, MO ,4.81,meters
Ozark National Scenic Riverways - RIVERS,OZAR,OZARRMINVECM02,02,Mainstem,,Current River,,Shannon,35,CURRM02,OZARRMINVE2014Nov05,2014,11/5/2014 0:00:00,11/19/2014 0:00:00,OZARRMINVE2014Nov13,7064533,Current River,Current River above Akers, MO ,4.44,meters
Ozark National Scenic Riverways - RIVERS,OZAR,OZARRMINVECM02,02,Mainstem,,Current River,,Shannon,35,CURRM02,OZARRMINVE2016Nov01,2016,11/1/2016 0:00:00,11/10/2016 0:00:00,OZARRMINVE2016Nov04,7064533,Current River,Current River above Akers, MO ,6.94,meters
Ozark National Scenic Riverways - RIVERS,OZAR,OZARRMINVECM02,02,Mainstem,,Current River,,Shannon,35,CURRM02,OZARRMINVE2018Nov07,2018,11/7/2018 0:00:00,11/20/2018 0:00:00,OZARRMINVE2018Nov08,7064533,Current River,Current River above Akers, MO ,7.62,meters
Ozark National Scenic Riverways - RIVERS,OZAR,OZARRMINVECM02,02,Mainstem,,Current River,,Shannon,35,CURRM02,OZARRMINVE2020Nov17,2020,11/17/2020 0:00:00,1/14/2021 0:00:00,OZARRMINVE2021Jan11,7064533,Current River,Current River above Akers, MO ,9.97,meters
Ozark National Scenic Riverways - RIVERS,OZAR,OZARRMINVECM02,02,Mainstem,,Current River,,Shannon,35,CURRM02,OZARRMINVE2022Oct25,2022,10/25/2022 0:00:00,11/4/2022 0:00:00,OZARRMINVE2022Oct27,7064533,Current River,Current River above Akers, MO ,7.36,meters
Ozark National Scenic Riverways - RIVERS,OZAR,OZARRMINVECM03,03,Mainstem,,Current River,,Shannon,46,CURRM03,OZARRMINVE2009Nov06,2009,11/6/2009 0:00:00,12/3/2009 0:00:00,OZARRMINVE2009Nov12,7064533,Current River,Current River above Akers, MO ,22.22,meters
Ozark National Scenic Riverways - RIVERS,OZAR,OZARRMINVECM03,03,Mainstem,,Current River,,Shannon,46,CURRM03,OZARRMINVE2012Nov13,2012,11/13/2012 0:00:00,12/5/2012 0:00:00,OZARRMINVE2012Nov28,7064533,Current River,Current River above Akers, MO ,4.81,meters
Ozark National Scenic Riverways - RIVERS,OZAR,OZARRMINVECM03,03,Mainstem,,Current River,,Shannon,46,CURRM03,OZARRMINVE2014Nov05,2014,11/5/2014 0:00:00,11/19/2014 0:00:00,OZARRMINVE2014Nov12,7064533,Current River,Current River above Akers, MO ,4.44,meters
Ozark National Scenic Riverways - RIVERS,OZAR,OZARRMINVECM03,03,Mainstem,,Current River,,Shannon,46,CURRM03,OZARRMINVE2016Nov01,2016,11/1/2016 0:00:00,11/10/2016 0:00:00,OZARRMINVE2016Nov03,7064533,Current River,Current River above Akers, MO ,6.94,meters
Ozark National Scenic Riverways - RIVERS,OZAR,OZARRMINVECM03,03,Mainstem,,Current River,,Shannon,46,CURRM03,OZARRMINVE2018Nov07,2018,11/7/2018 0:00:00,11/20/2018 0:00:00,OZARRMINVE2018Nov13,7064533,Current River,Current River above Akers, MO ,7.62,meters
Ozark National Scenic Riverways - RIVERS,OZAR,OZARRMINVECM03,03,Mainstem,,Current River,,Shannon,46,CURRM03,OZARRMINVE2020Nov17,2020,11/17/2020 0:00:00,1/14/2021 0:00:00,OZARRMINVE2020Dec11,7064533,Current River,Current River above Akers, MO ,9.83,meters
Ozark National Scenic Riverways - RIVERS,OZAR,OZARRMINVECM03,03,Mainstem,,Current River,,Shannon,46,CURRM03,OZARRMINVE2022Oct25,2022,10/25/2022 0:00:00,11/4/2022 0:00:00,OZARRMINVE2022Oct27,7064533,Current River,Current River above Akers, MO ,7.22,meters
Ozark National Scenic Riverways - RIVERS,OZAR,OZARRMINVEJM01,01,Mainstem,,Jacks Fork,,Shannon,104,JACKM01,OZARRMINVE2012Nov13,2012,11/13/2012 0:00:00,12/5/2012 0:00:00,OZARRMINVE2012Dec04,7065200,Jacks Fork,Jacks Fork near Mountain View, MO ,0.96,meters
Ozark National Scenic Riverways - RIVERS,OZAR,OZARRMINVEJM01,01,Mainstem,,Jacks Fork,,Shannon,104,JACKM01,OZARRMINVE2014Nov05,2014,11/5/2014 0:00:00,11/19/2014 0:00:00,OZARRMINVE2014Nov05,7065200,Jacks Fork,Jacks Fork near Mountain View, MO ,1.73,meters
Ozark National Scenic Riverways - RIVERS,OZAR,OZARRMINVEJM01,01,Mainstem,,Jacks Fork,,Shannon,104,JACKM01,OZARRMINVE2016Nov01,2016,11/1/2016 0:00:00,11/10/2016 0:00:00,OZARRMINVE2016Nov01,7065200,Jacks Fork,Jacks Fork near Mountain View, MO ,1.18,meters
Ozark National Scenic Riverways - RIVERS,OZAR,OZARRMINVEJM01,01,Mainstem,,Jacks Fork,,Shannon,104,JACKM01,OZARRMINVE2018Nov07,2018,11/7/2018 0:00:00,11/20/2018 0:00:00,OZARRMINVE2018Nov07,7065200,Jacks Fork,Jacks Fork near Mountain View, MO ,5.29,meters
Ozark National Scenic Riverways - RIVERS,OZAR,OZARRMINVEJM01,01,Mainstem,,Jacks Fork,,Shannon,104,JACKM01,OZARRMINVE2020Nov17,2020,11/17/2020 0:00:00,1/14/2021 0:00:00,OZARRMINVE2020Dec08,7065200,Jacks Fork,Jacks Fork near Mountain View, MO ,2.23,meters
Ozark National Scenic Riverways - RIVERS,OZAR,OZARRMINVEJM01,01,Mainstem,,Jacks Fork,,Shannon,104,JACKM01,OZARRMINVE2022Oct25,2022,10/25/2022 0:00:00,11/4/2022 0:00:00,OZARRMINVE2022Oct25,7065200,Jacks Fork,Jacks Fork near Mountain View, MO ,1.80,meters
Ozark National Scenic Riverways - RIVERS,OZAR,OZARRMINVEJM02,02,Mainstem,,Jacks Fork,,Shannon,114,JACKM02,OZARRMINVE2012Nov13,2012,11/13/2012 0:00:00,12/5/2012 0:00:00,OZARRMINVE2012Dec04,7065200,Jacks Fork,Jacks Fork near Mountain View, MO ,0.96,meters
Ozark National Scenic Riverways - RIVERS,OZAR,OZARRMINVEJM02,02,Mainstem,,Jacks Fork,,Shannon,114,JACKM02,OZARRMINVE2014Nov05,2014,11/5/2014 0:00:00,11/19/2014 0:00:00,OZARRMINVE2014Nov05,7065200,Jacks Fork,Jacks Fork near Mountain View, MO ,1.73,meters
Ozark National Scenic Riverways - RIVERS,OZAR,OZARRMINVEJM02,02,Mainstem,,Jacks Fork,,Shannon,114,JACKM02,OZARRMINVE2016Nov01,2016,11/1/2016 0:00:00,11/10/2016 0:00:00,OZARRMINVE2016Nov01,7065200,Jacks Fork,Jacks Fork near Mountain View, MO ,1.18,meters
Ozark National Scenic Riverways - RIVERS,OZAR,OZARRMINVEJM02,02,Mainstem,,Jacks Fork,,Shannon,114,JACKM02,OZARRMINVE2018Nov07,2018,11/7/2018 0:00:00,11/20/2018 0:00:00,OZARRMINVE2018Nov07,7065200,Jacks Fork,Jacks Fork near Mountain View, MO ,5.29,meters
Ozark National Scenic Riverways - RIVERS,OZAR,OZARRMINVEJM02,02,Mainstem,,Jacks Fork,,Shannon,114,JACKM02,OZARRMINVE2020Nov17,2020,11/17/2020 0:00:00,1/14/2021 0:00:00,OZARRMINVE2020Dec10,7065200,Jacks Fork,Jacks Fork near Mountain View, MO ,2.06,meters
Ozark National Scenic Riverways - RIVERS,OZAR,OZARRMINVEJM02,02,Mainstem,,Jacks Fork,,Shannon,114,JACKM02,OZARRMINVE2022Oct25,2022,10/25/2022 0:00:00,11/4/2022 0:00:00,OZARRMINVE2022Oct25,7065200,Jacks Fork,Jacks Fork near Mountain View, MO ,1.95,meters
Ozark National Scenic Riverways - RIVERS,OZAR,OZARRMINVEJM03,03,Mainstem,,Jacks Fork,,Shannon,123,JACKM 03,OZARRMINVE2012Nov13,2012,11/13/2012 0:00:00,12/5/2012 0:00:00,OZARRMINVE2012Dec05,7065200,Jacks Fork,Jacks Fork near Mountain View, MO ,1.08,meters
Ozark National Scenic Riverways - RIVERS,OZAR,OZARRMINVEJM03,03,Mainstem,,Jacks Fork,,Shannon,123,JACKM 03,OZARRMINVE2014Nov05,2014,11/5/2014 0:00:00,11/19/2014 0:00:00,OZARRMINVE2014Nov06,7065200,Jacks Fork,Jacks Fork near Mountain View, MO ,1.84,meters
Ozark National Scenic Riverways - RIVERS,OZAR,OZARRMINVEJM03,03,Mainstem,,Jacks Fork,,Shannon,123,JACKM 03,OZARRMINVE2016Nov01,2016,11/1/2016 0:00:00,11/10/2016 0:00:00,OZARRMINVE2016Nov02,7065200,Jacks Fork,Jacks Fork near Mountain View, MO ,1.16,meters
Ozark National Scenic Riverways - RIVERS,OZAR,OZARRMINVEJM03,03,Mainstem,,Jacks Fork,,Shannon,123,JACKM 03,OZARRMINVE2018Nov07,2018,11/7/2018 0:00:00,11/20/2018 0:00:00,OZARRMINVE2018Nov07,7065200,Jacks Fork,Jacks Fork near Mountain View, MO ,3.82,meters
Ozark National Scenic Riverways - RIVERS,OZAR,OZARRMINVEJM03,03,Mainstem,,Jacks Fork,,Shannon,123,JACKM 03,OZARRMINVE2020Nov17,2020,11/17/2020 0:00:00,1/14/2021 0:00:00,OZARRMINVE2020Nov30,7065200,Jacks Fork,Jacks Fork near Mountain View, MO ,4.50,meters
Ozark National Scenic Riverways - RIVERS,OZAR,OZARRMINVEJM03,03,Mainstem,,Jacks Fork,,Shannon,123,JACKM 03,OZARRMINVE2022Oct25,2022,10/25/2022 0:00:00,11/4/2022 0:00:00,OZARRMINVE2022Oct26,7065200,Jacks Fork,Jacks Fork near Mountain View, MO ,2.02,meters
Ozark National Scenic Riverways - RIVERS,OZAR,OZARRMINVECM04,04,Mainstem,,Current River,,Shannon,67,CURRM04,OZARRMINVE2006JAN03,2005,1/3/2006 0:00:00,1/24/2006 0:00:00,OZARRMINVE2006JAN24,7067000,Current River,Current River at Van Buren, MO ,28.03,meters
Ozark National Scenic Riverways - RIVERS,OZAR,OZARRMINVECM04,04,Mainstem,,Current River,,Shannon,67,CURRM04,OZARRMINVE2006NOV14,2006,11/14/2006 0:00:00,12/19/2006 0:00:00,OZARRMINVE2006NOV14,7067000,Current River,Current River at Van Buren, MO ,45.31,meters
Ozark National Scenic Riverways - RIVERS,OZAR,OZARRMINVECM04,04,Mainstem,,Current River,,Shannon,67,CURRM04,OZARRMINVE2007Nov01,2007,11/1/2007 0:00:00,11/14/2007 0:00:00,OZARRMINVE2007Nov05,7067000,Current River,Current River at Van Buren, MO ,20.73,meters
Ozark National Scenic Riverways - RIVERS,OZAR,OZARRMINVECM04,04,Mainstem,,Current River,,Shannon,67,CURRM04,OZARRMINVE2008Nov05,2008,11/5/2008 0:00:00,11/21/2008 0:00:00,OZARRMINVE2008Nov20,7067000,Current River,Current River at Van Buren, MO ,25.32,meters
Ozark National Scenic Riverways - RIVERS,OZAR,OZARRMINVECM04,04,Mainstem,,Current River,,Shannon,67,CURRM04,OZARRMINVE2009Nov06,2009,11/6/2009 0:00:00,12/3/2009 0:00:00,OZARRMINVE2009Dec03,7067000,Current River,Current River at Van Buren, MO ,45.59,meters
Ozark National Scenic Riverways - RIVERS,OZAR,OZARRMINVECM04,04,Mainstem,,Current River,,Shannon,67,CURRM04,OZARRMINVE2012Nov13,2012,11/13/2012 0:00:00,12/5/2012 0:00:00,OZARRMINVE2012Nov27,7067000,Current River,Current River at Van Buren, MO ,22.62,meters
Ozark National Scenic Riverways - RIVERS,OZAR,OZARRMINVECM04,04,Mainstem,,Current River,,Shannon,67,CURRM04,OZARRMINVE2014Nov05,2014,11/5/2014 0:00:00,11/19/2014 0:00:00,OZARRMINVE2014Nov19,7067000,Current River,Current River at Van Buren, MO ,23.08,meters
Ozark National Scenic Riverways - RIVERS,OZAR,OZARRMINVECM04,04,Mainstem,,Current River,,Shannon,67,CURRM04,OZARRMINVE2016Nov01,2016,11/1/2016 0:00:00,11/10/2016 0:00:00,OZARRMINVE2016Nov10,7067000,Current River,Current River at Van Buren, MO ,30.44,meters
Ozark National Scenic Riverways - RIVERS,OZAR,OZARRMINVECM04,04,Mainstem,,Current River,,Shannon,67,CURRM04,OZARRMINVE2018Nov07,2018,11/7/2018 0:00:00,11/20/2018 0:00:00,OZARRMINVE2018Nov19,7067000,Current River,Current River at Van Buren, MO ,30.86,meters
Ozark National Scenic Riverways - RIVERS,OZAR,OZARRMINVECM04,04,Mainstem,,Current River,,Shannon,67,CURRM04,OZARRMINVE2020Nov17,2020,11/17/2020 0:00:00,1/14/2021 0:00:00,OZARRMINVE2021Jan05,7067000,Current River,Current River at Van Buren, MO ,77.59,meters
Ozark National Scenic Riverways - RIVERS,OZAR,OZARRMINVECM04,04,Mainstem,,Current River,,Shannon,67,CURRM04,OZARRMINVE2022Oct25,2022,10/25/2022 0:00:00,11/4/2022 0:00:00,OZARRMINVE2022Oct28,7067000,Current River,Current River at Van Buren, MO ,32.56,meters
Ozark National Scenic Riverways - RIVERS,OZAR,OZARRMINVECM05,05,Mainstem,,Current River,,Shannon,71,CURRM05,OZARRMINVE2006JAN03,2005,1/3/2006 0:00:00,1/24/2006 0:00:00,OZARRMINVE2006JAN18,7067000,Current River,Current River at Van Buren, MO ,33.70,meters
Ozark National Scenic Riverways - RIVERS,OZAR,OZARRMINVECM05,05,Mainstem,,Current River,,Shannon,71,CURRM05,OZARRMINVE2006NOV14,2006,11/14/2006 0:00:00,12/19/2006 0:00:00,OZARRMINVE2006DEC19,7067000,Current River,Current River at Van Buren, MO ,43.04,meters
Ozark National Scenic Riverways - RIVERS,OZAR,OZARRMINVECM05,05,Mainstem,,Current River,,Shannon,71,CURRM05,OZARRMINVE2007Nov01,2007,11/1/2007 0:00:00,11/14/2007 0:00:00,OZARRMINVE2007Nov02,7067000,Current River,Current River at Van Buren, MO ,20.98,meters
Ozark National Scenic Riverways - RIVERS,OZAR,OZARRMINVECM05,05,Mainstem,,Current River,,Shannon,71,CURRM05,OZARRMINVE2008Nov05,2008,11/5/2008 0:00:00,11/21/2008 0:00:00,OZARRMINVE2008Nov21,7067000,Current River,Current River at Van Buren, MO ,25.03,meters
Ozark National Scenic Riverways - RIVERS,OZAR,OZARRMINVECM05,05,Mainstem,,Current River,,Shannon,71,CURRM05,OZARRMINVE2009Nov06,2009,11/6/2009 0:00:00,12/3/2009 0:00:00,OZARRMINVE2009Dec03,7067000,Current River,Current River at Van Buren, MO ,45.59,meters
Ozark National Scenic Riverways - RIVERS,OZAR,OZARRMINVECM05,05,Mainstem,,Current River,,Shannon,71,CURRM05,OZARRMINVE2012Nov13,2012,11/13/2012 0:00:00,12/5/2012 0:00:00,OZARRMINVE2012Nov27,7067000,Current River,Current River at Van Buren, MO ,22.62,meters
Ozark National Scenic Riverways - RIVERS,OZAR,OZARRMINVECM05,05,Mainstem,,Current River,,Shannon,71,CURRM05,OZARRMINVE2014Nov05,2014,11/5/2014 0:00:00,11/19/2014 0:00:00,OZARRMINVE2014Nov19,7067000,Current River,Current River at Van Buren, MO ,23.08,meters
Ozark National Scenic Riverways - RIVERS,OZAR,OZARRMINVECM05,05,Mainstem,,Current River,,Shannon,71,CURRM05,OZARRMINVE2016Nov01,2016,11/1/2016 0:00:00,11/10/2016 0:00:00,OZARRMINVE2016Nov10,7067000,Current River,Current River at Van Buren, MO ,30.44,meters
Ozark National Scenic Riverways - RIVERS,OZAR,OZARRMINVECM05,05,Mainstem,,Current River,,Shannon,71,CURRM05,OZARRMINVE2018Nov07,2018,11/7/2018 0:00:00,11/20/2018 0:00:00,OZARRMINVE2018Nov19,7067000,Current River,Current River at Van Buren, MO ,30.86,meters
Ozark National Scenic Riverways - RIVERS,OZAR,OZARRMINVECM05,05,Mainstem,,Current River,,Shannon,71,CURRM05,OZARRMINVE2020Nov17,2020,11/17/2020 0:00:00,1/14/2021 0:00:00,OZARRMINVE2020Nov19,7067000,Current River,Current River at Van Buren, MO ,64.85,meters
Ozark National Scenic Riverways - RIVERS,OZAR,OZARRMINVECM05,05,Mainstem,,Current River,,Shannon,71,CURRM05,OZARRMINVE2022Oct25,2022,10/25/2022 0:00:00,11/4/2022 0:00:00,OZARRMINVE2022Nov03,7067000,Current River,Current River at Van Buren, MO ,30.58,meters
Ozark National Scenic Riverways - RIVERS,OZAR,OZARRMINVECM06,06,Mainstem,,Current River,,Carter,97,CURRM06,OZARRMINVE2007Nov01,2007,11/1/2007 0:00:00,11/14/2007 0:00:00,OZARRMINVE2007Nov01,7067000,Current River,Current River at Van Buren, MO ,21.18,meters
Ozark National Scenic Riverways - RIVERS,OZAR,OZARRMINVECM06,06,Mainstem,,Current River,,Carter,97,CURRM06,OZARRMINVE2006JAN03,2005,1/3/2006 0:00:00,1/24/2006 0:00:00,OZARRMINVE2006JAN20,7067500,Big Spring,Big Spring near Van Buren, MO,26.96,meters
Ozark National Scenic Riverways - RIVERS,OZAR,OZARRMINVECM06,06,Mainstem,,Current River,,Carter,97,CURRM06,OZARRMINVE2006NOV14,2006,11/14/2006 0:00:00,12/19/2006 0:00:00,OZARRMINVE2006DEC18,14134500,Current River + Big Spring,Current River + Big Spring at/near Van Buren, MO ,54.17,meters
Ozark National Scenic Riverways - RIVERS,OZAR,OZARRMINVECM06,06,Mainstem,,Current River,,Carter,97,CURRM06,OZARRMINVE2008Nov05,2008,11/5/2008 0:00:00,11/21/2008 0:00:00,OZARRMINVE2008Nov05,14134500,Current River + Big Spring,Current River + Big Spring at/near Van Buren, MO ,35.94,meters
Ozark National Scenic Riverways - RIVERS,OZAR,OZARRMINVECM06,06,Mainstem,,Current River,,Carter,97,CURRM06,OZARRMINVE2009Nov06,2009,11/6/2009 0:00:00,12/3/2009 0:00:00,OZARRMINVE2009Dec02,14134500,Current River + Big Spring,Current River + Big Spring at/near Van Buren, MO ,64.02,meters
Ozark National Scenic Riverways - RIVERS,OZAR,OZARRMINVECM06,06,Mainstem,,Current River,,Carter,97,CURRM06,OZARRMINVE2012Nov13,2012,11/13/2012 0:00:00,12/5/2012 0:00:00,OZARRMINVE2012Nov29,14134500,Current River + Big Spring,Current River + Big Spring at/near Van Buren, MO ,30.70,meters
Ozark National Scenic Riverways - RIVERS,OZAR,OZARRMINVECM06,06,Mainstem,,Current River,,Carter,97,CURRM06,OZARRMINVE2014Nov05,2014,11/5/2014 0:00:00,11/19/2014 0:00:00,OZARRMINVE2014Nov18,14134500,Current River + Big Spring,Current River + Big Spring at/near Van Buren, MO ,31.80,meters
Ozark National Scenic Riverways - RIVERS,OZAR,OZARRMINVECM06,06,Mainstem,,Current River,,Carter,97,CURRM06,OZARRMINVE2016Nov01,2016,11/1/2016 0:00:00,11/10/2016 0:00:00,OZARRMINVE2016Nov03,14134500,Current River + Big Spring,Current River + Big Spring at/near Van Buren, MO ,43.32,meters
Ozark National Scenic Riverways - RIVERS,OZAR,OZARRMINVECM06,06,Mainstem,,Current River,,Carter,97,CURRM06,OZARRMINVE2018Nov07,2018,11/7/2018 0:00:00,11/20/2018 0:00:00,OZARRMINVE2018Nov20,14134500,Current River + Big Spring,Current River + Big Spring at/near Van Buren, MO ,39.34,meters
Ozark National Scenic Riverways - RIVERS,OZAR,OZARRMINVECM06,06,Mainstem,,Current River,,Carter,97,CURRM06,OZARRMINVE2020Nov17,2020,11/17/2020 0:00:00,1/14/2021 0:00:00,OZARRMINVE2021Jan08,14134500,Current River + Big Spring,Current River + Big Spring at/near Van Buren, MO ,80.59,meters
Ozark National Scenic Riverways - RIVERS,OZAR,OZARRMINVECM06,06,Mainstem,,Current River,,Carter,97,CURRM06,OZARRMINVE2022Oct25,2022,10/25/2022 0:00:00,11/4/2022 0:00:00,OZARRMINVE2022Nov04,14134500,Current River + Big Spring,Current River + Big Spring at/near Van Buren, MO ,40.38,meters
